parcel_id,survey_number,municipal_id,area_m2,land_use,status
PARCEL-MAA-101,T.S. No. 50/1,GCC-W134-P001,240,Commercial,Verified Active
PARCEL-MAA-102,T.S. No. 50/2,GCC-W134-P002,265,Residential,Verified Active
PARCEL-MAA-103,T.S. No. 50/3,GCC-W134-P003,290,Residential,Verified Active
PARCEL-MAA-104,T.S. No. 50/4,GCC-W134-P004,315,Commercial,Verified Active
PARCEL-MAA-105,T.S. No. 50/5,GCC-W134-P005,340,Residential,Verified Active
PARCEL-MAA-106,T.S. No. 50/6,GCC-W134-P006,365,Residential,Verified Active
PARCEL-MAA-107,T.S. No. 50/7,GCC-W134-P007,390,Commercial,Verified Active
PARCEL-MAA-108,T.S. No. 50/8,GCC-W134-P008,415,Residential,Verified Active
PARCEL-MAA-109,T.S. No. 51/1,GCC-W134-P009,255,Residential,Verified Active
PARCEL-MAA-110,T.S. No. 51/2,GCC-W134-P010,280,Residential,Verified Active
PARCEL-MAA-111,T.S. No. 51/3,GCC-W134-P011,305,Commercial,Verified Active
PARCEL-MAA-112,T.S. No. 51/4,GCC-W134-P012,330,Residential,Verified Active
PARCEL-MAA-113,T.S. No. 51/5,GCC-W134-P013,355,Residential,Verified Active
PARCEL-MAA-114,T.S. No. 51/6,GCC-W134-P014,380,Commercial,Verified Active
PARCEL-MAA-115,T.S. No. 51/7,GCC-W134-P015,405,Residential,Verified Active
PARCEL-MAA-116,T.S. No. 51/8,GCC-W134-P016,430,Residential,Verified Active
PARCEL-MAA-117,T.S. No. 52/1,GCC-W134-P017,270,Residential,Verified Active
PARCEL-MAA-118,T.S. No. 52/2,GCC-W134-P018,295,Commercial,Verified Active
PARCEL-MAA-119,T.S. No. 52/3,GCC-W134-P019,320,Residential,Verified Active
PARCEL-MAA-120,T.S. No. 52/4,GCC-W134-P020,345,Residential,Verified Active
PARCEL-MAA-121,T.S. No. 52/5,GCC-W134-P021,370,Commercial,Verified Active
PARCEL-MAA-122,T.S. No. 52/6,GCC-W134-P022,395,Residential,Verified Active
PARCEL-MAA-123,T.S. No. 52/7,GCC-W134-P023,420,Residential,Verified Active
PARCEL-MAA-124,T.S. No. 52/8,GCC-W134-P024,445,Commercial,Verified Active
PARCEL-MAA-125,T.S. No. 53/1,GCC-W134-P025,285,Commercial,Verified Active
PARCEL-MAA-126,T.S. No. 53/2,GCC-W134-P026,310,Residential,Verified Active
PARCEL-MAA-127,T.S. No. 53/3,GCC-W134-P027,335,Residential,Verified Active
PARCEL-MAA-128,T.S. No. 53/4,GCC-W134-P028,360,Commercial,Verified Active
PARCEL-MAA-129,T.S. No. 53/5,GCC-W134-P029,385,Residential,Verified Active
PARCEL-MAA-130,T.S. No. 53/6,GCC-W134-P030,410,Residential,Verified Active
PARCEL-MAA-131,T.S. No. 53/7,GCC-W134-P031,435,Commercial,Verified Active
PARCEL-MAA-132,T.S. No. 53/8,GCC-W134-P032,460,Residential,Verified Active
