building_id,parcel_id,height_m,floors,primary_use
BLD-MAA-201,PARCEL-MAA-101,12.2,3,Commercial
BLD-MAA-202,PARCEL-MAA-102,15.4,4,Residential
BLD-MAA-203,PARCEL-MAA-103,18.6,5,Residential
BLD-MAA-204,PARCEL-MAA-104,21.8,6,Commercial
BLD-MAA-205,PARCEL-MAA-105,9.0,2,Residential
BLD-MAA-206,PARCEL-MAA-106,12.2,3,Residential
BLD-MAA-207,PARCEL-MAA-107,15.4,4,Commercial
BLD-MAA-208,PARCEL-MAA-108,18.6,5,Residential
BLD-MAA-209,PARCEL-MAA-109,21.8,6,Residential
BLD-MAA-210,PARCEL-MAA-110,9.0,2,Residential
BLD-MAA-211,PARCEL-MAA-111,12.2,3,Commercial
BLD-MAA-212,PARCEL-MAA-112,15.4,4,Residential
BLD-MAA-213,PARCEL-MAA-113,18.6,5,Residential
BLD-MAA-214,PARCEL-MAA-114,21.8,6,Commercial
BLD-MAA-215,PARCEL-MAA-115,9.0,2,Residential
BLD-MAA-216,PARCEL-MAA-116,12.2,3,Residential
BLD-MAA-217,PARCEL-MAA-117,15.4,4,Residential
BLD-MAA-218,PARCEL-MAA-118,18.6,5,Commercial
BLD-MAA-219,PARCEL-MAA-119,21.8,6,Residential
BLD-MAA-220,PARCEL-MAA-120,9.0,2,Residential
BLD-MAA-221,PARCEL-MAA-121,12.2,3,Commercial
BLD-MAA-222,PARCEL-MAA-122,15.4,4,Residential
BLD-MAA-223,PARCEL-MAA-123,18.6,5,Residential
BLD-MAA-224,PARCEL-MAA-124,21.8,6,Commercial
BLD-MAA-225,PARCEL-MAA-125,9.0,2,Commercial
BLD-MAA-226,PARCEL-MAA-126,12.2,3,Residential
BLD-MAA-227,PARCEL-MAA-127,15.4,4,Residential
BLD-MAA-228,PARCEL-MAA-128,18.6,5,Commercial
BLD-MAA-229,PARCEL-MAA-129,21.8,6,Residential
BLD-MAA-230,PARCEL-MAA-130,9.0,2,Residential
BLD-MAA-231,PARCEL-MAA-131,12.2,3,Commercial
BLD-MAA-232,PARCEL-MAA-132,15.4,4,Residential
